Timestamp,CPU_Usage,GPU_Usage,RAM_Usage,Disk_Usage,Temperature,Engine_Temperature,Engine_RPM,Oil_Pressure,Brake_Pressure_Front_Left,Brake_Pressure_Front_Right,Brake_Pressure_Rear_Left,Brake_Pressure_Rear_Right,Brake_Temperature_Front_Left,Brake_Temperature_Front_Right,Brake_Temperature_Rear_Left,Brake_Temperature_Rear_Right,Tire_Pressure_Front_Left,Tire_Pressure_Front_Right,Tire_Pressure_Rear_Left,Tire_Pressure_Rear_Right,Tire_Temperature_Front_Left,Tire_Temperature_Front_Right,Tire_Temperature_Rear_Left,Tire_Temperature_Rear_Right,Speed,Throttle_Position,Steering_Angle,G-Force_Lateral,G-Force_Longitudinal
2024-02-01 00:00:00,8.33584944443649,44.50663557542379,22.311540061388165,0.7867780956466993,92.66908244164686,84.6079851503341,8010.445652360917,74.30176318665461,34.52938614896253,42.657585750955,94.50529972811924,11.97731518841132,820.2980078194253,221.5079378942288,729.1096377791099,235.90573267846543,26.00686477592552,38.60002467423555,28.45418662124755,35.37875011581372,72.56785514955219,102.72554026318264,78.20421203028849,107.29770663817216,18.97943331108829,42.71239884258145,43.90745306591515,-4.83546170184025,3.623392134291681
2024-02-01 00:00:01,73.49190053324969,60.74372605802563,1.2035879972094303,0.2980181295839319,46.00061252290936,95.64741840107416,12830.233964220037,91.19394462742218,58.70970024702124,80.36112020317216,54.26386886116907,85.23323482659445,482.5798714016816,982.3818547373992,596.9741683133061,529.1236214318429,25.374266882462155,38.33684040546745,25.12579735531344,29.92997642595639,73.71351752676455,129.62283935919282,118.24710248403107,95.7898189998878,104.85795801398147,97.92087906324096,7.953843468511906,-3.148907360882596,2.51975789897425
2024-02-01 00:00:02,34.11392654906021,47.91282270824621,18.68862385446765,0.4109672289268314,77.40779631785249,99.57115803717544,14397.550573507544,35.21163030141582,27.22769082056239,19.65423595120993,86.15966455457894,72.90532239851534,386.820095733457,448.5203582016299,247.1014515270664,927.8670803772108,27.52645979437621,34.01666214379841,31.86253154366316,27.18538275426884,76.0485344879817,78.95662405697735,78.36463392298198,123.79066109937474,216.6858755011467,43.64525905999584,65.24203620116975,-4.360026973019556,1.4822491548214671
2024-02-01 00:00:03,79.06992928209242,99.41470877633432,20.55396342665844,0.2534935326507112,66.2945030249412,109.15664922909572,12587.033893485564,50.71871729661439,37.73685132742462,59.33237991756365,28.900713165807105,105.6064492008342,72.91331079099601,153.93171116053492,1030.7494841234873,439.3766381926978,33.323847294802,26.409011501201388,25.17793902263593,32.99691731041151,107.68536290913748,78.18463997006772,121.67838171677886,70.07130082711286,112.07961673040349,64.41745338961815,59.08339892005941,-2.494813586066245,5.143997404025216
2024-02-01 00:00:04,93.45630739369668,53.112549875551565,27.575128520374285,0.3063807825625319,94.3068123039397,110.09837928217053,5764.397322106264,39.9066061414445,95.35933729424949,78.70940998321923,94.50470237075358,104.34145079329258,292.63000007079336,997.6848083724332,770.9102140348907,658.5707253718359,30.891276705252626,37.0741630589644,32.96692854256611,36.64482735806728,102.48462990781717,124.58036579333093,74.64049667258965,119.98925887756168,23.72198816364127,71.58867718183686,-10.661456363214583,1.293323861520662,-0.9891697942614536
2024-02-01 00:00:05,7.1874858164927184,77.82395350555879,18.010338334838572,0.5528882085465379,50.991878581991415,100.5702075197197,13978.55714662587,98.84921681313868,104.12640318156814,31.08156399909943,86.75458997372584,18.788765536431363,869.0418913798601,930.7577300735744,143.50585107990483,299.55175878968794,26.106432463216617,39.02440214023129,34.930344546217725,33.04899663138276,77.65797789516198,101.01728131407498,121.54286026045324,106.98489247525949,141.38646580229448,55.28905669110575,-34.998831805208674,0.1976473531977536,-0.3744211163389828
2024-02-01 00:00:06,91.19522436194283,39.775195107859616,3.4662797429274,0.4054136728776382,57.71133864835184,83.08095574555472,11622.988849959664,96.4387075551157,108.14590826669826,64.5850015119649,101.96610229793905,24.161224605335757,705.3761289983535,192.74753400886664,648.103872314627,624.4776210808334,30.22782810688217,33.189317980367754,34.89802754240819,32.13330121598302,108.09890457212056,98.98209498486732,103.14138910890924,75.02658935975049,74.64928454716068,87.92620234305734,53.35820806966439,-1.149115625924269,-5.980776083837712
2024-02-01 00:00:07,46.789905475921806,67.72865358468718,22.45006223912342,0.713394533298338,26.815233676699584,128.409093729194,12351.69576026258,47.98010066207737,45.49572123726347,42.27389463194616,49.85243563844153,61.63076183858234,54.02083994370472,365.87448171469066,198.833733940692,759.8851177640431,32.213650921504275,39.44450142586405,39.54031720017765,35.94049154395846,101.38879552523326,112.74302302708853,76.65920654616592,123.56442129189789,109.13157942784322,44.67139078409644,6.312492876287607,-3.991724468085708,5.270468825287328
2024-02-01 00:00:08,91.57529250473294,44.52082829257462,26.879820104961286,0.693135031772541,99.90098776108546,109.40992796991412,2176.267002498332,79.97696256106478,70.88867381332503,71.05971957108022,60.83745506097996,28.312141313114296,506.15498944952407,508.7102992428821,665.951073234986,421.9742803600124,37.46377580089032,38.56113862809466,39.78397979491216,36.511655154603964,122.24298363100796,118.6678521597662,119.9949028836188,85.13635888375897,53.70470074188694,29.803261347392365,43.679824726667306,-1.895485620561263,4.858081764560005
2024-02-01 00:00:09,77.03705719789036,28.6247994372254,25.43477406862541,0.497677374247128,82.67477100666123,124.86889352620264,8067.016027864831,49.5088948520823,79.74189781551132,80.33651014905654,63.40187607079749,56.01169377733355,280.03679008254886,337.6408585197521,757.4814439626697,181.46910831805204,30.100371243016447,25.894055678162395,29.391132704574225,37.86028739975458,93.08645438525656,113.84923852736128,84.27641065162258,128.72589822230745,197.62260879286467,20.75900670164997,2.9247611870393517,-5.42070083260561,-2.7148327816576385
2024-02-01 00:00:10,93.44797019556736,45.908706035984366,27.245894366407747,0.3869796694849974,93.6562659364166,107.0256677457021,2614.527814118472,53.05836119452969,47.74494876565897,99.90362395840566,87.74988271001325,48.42554673311559,374.9078811546567,644.7407833661298,163.3025525519724,763.9139118478929,29.77839201854818,39.81007236378272,36.558074917205175,27.504403747097637,83.69232528994249,73.28619698089842,96.3210991074375,108.95026820465338,177.69434272164585,97.4311966481376,-89.93228240572492,0.3779933687043009,0.2704930344614435
2024-02-01 00:00:11,76.98925621045186,45.9657628414725,8.309240667282854,0.6202578753263269,107.49112854253008,119.13621784248116,15679.18431710814,36.36881203936141,64.7282707364061,22.550941363606896,17.543982819900574,72.96912149567089,527.2993541166348,179.58501950674227,641.3080688868682,1025.508623722882,25.072965546773588,29.29780011139698,36.15831338854235,25.620966748399645,114.68554503332032,75.88621886348163,88.76894594002623,120.62255905557733,142.1887596904465,88.2264046099356,66.768971425362,-5.548313878704786,0.1862664658684458
2024-02-01 00:00:12,96.35215961831736,70.56334779865192,9.981775221579475,0.5140021596575292,41.018280854531326,103.12411124823647,2909.522557673537,80.24745508468578,20.515702729528957,32.40163862925036,77.85526588521554,21.32138202885468,182.46539171444448,992.7844363804844,689.4861812680969,886.7193729163671,31.620176022740548,25.425507499357806,30.825003252312747,36.7109533555534,108.09015916822212,102.69322878773954,70.07005282396399,72.84347472483176,115.10236511253392,81.19525036158991,59.76563864831215,-0.5202700085046201,2.6458680802882384
2024-02-01 00:00:13,31.852861278829444,20.008207643761278,28.30974623184683,0.1408219257780958,39.2846351452622,104.1382436602806,7619.308445677886,54.49234378489092,46.48381629807628,74.1883882035688,81.95822407375094,50.88053918951845,237.07462437491128,557.118037890786,414.66520803498094,854.6793157868514,25.97409388668893,28.767619760295297,25.344120094910775,36.15031011832996,102.66806917334924,114.97346099272168,116.4084607112804,112.94883702221958,204.17165882708284,11.84285128824562,-74.88969085368147,-0.229059060377863,-5.439086324149114
2024-02-01 00:00:14,50.33425971898183,96.96514592909368,23.437189135784447,0.3894206807634622,34.92000663221296,127.88295599876622,8119.720677571671,98.01812755318652,102.13077161820424,29.87158273251942,97.93095573584952,53.43554487937653,127.92751307454304,111.41759556900784,660.2554288445084,476.2308035027549,28.846133231298275,29.88848644761741,39.48587138511374,37.5503647777342,123.19585790924924,100.98300440490564,94.76153021738526,71.0421523130165,103.52915242151994,80.92234145306578,-11.756395472802367,0.8924340407755054,4.416098591294887
2024-02-01 00:00:15,64.51730963931686,79.65205606894774,28.807767365962928,0.8470007475276825,95.0989852143955,92.16840553807656,2982.079574833225,66.48604164632538,36.95953901195449,90.32504731841104,31.96815551190393,13.895310315517875,144.00236935637042,69.62392278125047,953.595778940062,479.9045915105922,28.22854802458378,37.300968554527095,32.554637287099254,37.94383283733321,97.9981688566312,115.60807727698004,79.99924587158061,125.97743403177066,211.77097749971304,79.76466625845376,-5.038394435410979,1.5345503869501955,-2.451388619543915
2024-02-01 00:00:16,99.33913721168857,50.174200440132246,14.205851285006007,0.7375856034332957,50.8928293539429,93.73372054354228,10283.608745063066,65.15946453287775,19.4807519054922,22.71474668240895,19.38638685811504,15.934209666985558,449.2952061920056,507.166209257396,722.9342909675067,746.5305137730599,27.30221875623714,36.65879721434951,39.88009129562234,31.845004619426845,96.00911800250208,108.14585670595092,116.59475675429915,107.68119072714038,117.58355653805998,13.74884698083539,68.5251038734715,-0.4639899501300597,5.708033390195919
2024-02-01 00:00:17,28.139158456334883,85.72454826044459,5.2164482880720335,0.2394874004395026,74.65958913345574,117.08254209820068,4210.729331187311,90.57386667865656,90.45216927196994,97.43834053703316,46.69627629831936,93.00457753556486,426.8514973754354,202.1196765118165,324.3816392203504,862.9601412465008,32.44129405377233,28.341248587724262,30.08481502668586,38.6429424622397,81.57430518803291,99.96992473549923,93.62578024492936,76.8692849614381,217.31665284241592,30.087859278762064,-41.64193960182764,3.963832063584938,3.2767759181507543
2024-02-01 00:00:18,17.13650861411179,92.04355494364728,16.508320647575715,0.2836349667865029,79.47482867659613,116.26432916225514,2405.1971847527475,83.17488878445556,72.2706494102487,40.82215991785304,80.35527677992779,15.940615413427942,161.29663486177444,570.5886976905828,577.8127022491524,191.48034553000488,39.249705703075776,31.904006492187865,32.294483128401986,30.3204554873626,93.79212736211672,91.75602718022137,78.07540060890815,129.56600534125886,88.62879198770149,53.19937982741889,-82.04661683155912,1.1006584392423306,2.6564549507888824
2024-02-01 00:00:19,89.02608464338756,13.516960169140471,11.419347685461652,0.7827228606688844,77.51945489855555,113.02816596123516,11119.233463396326,106.61974995571232,102.98361007291888,98.95312782354829,16.691589747994996,18.387667440942803,74.76640638410433,923.1925200312804,428.52789012443264,113.98420558192652,33.51139788353302,28.502291032215137,28.7387740296562,37.19532037425773,80.49612210685018,73.46942563071835,113.8626873430253,94.4638929835777,198.4214612808751,38.950802107596864,86.86010629178963,-1.3223739209571637,4.802741016757988
2024-02-01 00:00:20,55.07302689594128,26.179639981883877,1.38730101711763,0.4484694557984557,88.12426061992403,108.47329342790226,6767.14393930413,71.97509871310791,90.41454059265008,104.8054453234823,104.90519195999352,62.13225037157746,278.39550658115394,96.21767875517725,614.0834312184614,649.4905947082874,39.86911361216758,33.46593232530455,30.36895981689445,26.387161537668145,88.87657106573118,118.24772375289017,125.0977898456832,111.04764390081228,152.67306580048552,39.49344222595215,-22.208298444808847,-4.88130513371502,2.7273037059339984
2024-02-01 00:00:21,8.791604795003007,17.106055487272528,11.30456318478279,0.6864095506346488,44.32800596767085,126.75180698985614,2985.970248981588,93.7490925801431,16.265224124205837,34.681885270536974,48.429678877631645,51.03641847150296,943.0249490245304,404.75281195605214,356.84623752705374,820.5245899089794,37.52640207989514,30.604517784045807,27.243082719739437,37.5028627063526,89.22979153948428,78.06014239181076,113.66041683268897,78.53399143867638,36.67825653234761,34.234617454925896,30.0521364703377,0.1495678801913804,-5.075473431852979
2024-02-01 00:00:22,59.061849900856416,7.51166539182751,23.589022046944013,0.2487257159507863,44.32594431854726,113.30130971405464,11789.411212286228,63.27770730045791,77.7212400023066,90.71415893476475,50.98181124961246,57.97110794541467,728.2313759684157,595.6386373032948,540.9796439204665,882.7060865190775,28.060252394151853,30.87219917539612,35.07422942103302,38.11613289723298,71.13751143629253,122.4516239023489,78.74920748823337,108.0085040946097,47.46784449569361,35.26206936055527,70.22378272358901,3.081462851838655,2.7050691521208297
2024-02-01 00:00:23,47.41916058783677,80.31087976544559,6.553887044353079,0.3321167284708501,38.2433743027956,128.3715117249605,9974.073169041192,85.19734415682873,72.68378299299191,28.07815118855428,25.59940242118676,79.78115082944281,967.1412641147188,762.4230097593547,700.052873721351,968.4690382943352,26.81581298312296,31.239689719170936,30.06303495864031,36.97321139306781,103.49267066332766,89.77268122481318,109.83443697098252,118.00890869245612,108.6909757975187,60.95409141925408,39.63197552379131,-1.2691220042485405,1.05463918056516
2024-02-01 00:00:24,54.65565009106014,39.61630050321074,3.4073990658172586,0.9139697516507016,47.411156877845485,90.5743548136488,7811.216827802092,45.41875164117545,67.99327137205472,107.22630208766466,70.02835523545187,46.83197957229463,361.27148041099497,527.8988287264374,608.7916581043737,212.3410507194424,27.506310100831666,26.211253434862385,38.967664178831534,35.26231359331545,70.4958475475347,118.99669521275533,101.88659008301552,74.36225796561413,84.6194254012117,58.10244813803953,71.24087875061954,-0.3591708915650233,4.298484975705978
2024-02-01 00:00:25,31.79928265921764,27.160755194921045,11.152627772761726,0.5230798554730025,33.19225191696632,91.53864692739558,13085.58010246619,54.62550469170654,62.69811485099831,89.26488034863475,40.47412273172443,85.76835686022486,882.3762513283837,491.71572481586617,109.66165840396307,511.7594123064837,39.20175088959478,35.80028130533409,33.45233012225171,33.5904827615973,115.99579599229118,122.73027903185812,82.3163156201442,81.23408902860675,208.59944034482083,19.028788434390343,47.83414882704594,-0.4676268817098474,-0.0517358157547223
2024-02-01 00:00:26,50.66654339794482,54.03199377357298,5.526702476101763,0.5643366176537193,97.5191040042085,83.25503391221349,13746.165681681528,34.857295967297226,83.23570358836689,106.41775526140592,76.61184221627359,71.11453568003087,66.24678700727877,469.2714714550252,850.2704762673151,592.4471242923685,39.07505860358484,38.328342421854856,33.881367516268554,25.890738639116588,93.6837593623092,77.08476610796409,91.28803500924346,94.81517615279012,73.34822916069098,37.968554890764686,-44.28034525462939,-3.160178603574174,-4.8416972425139
2024-02-01 00:00:27,65.5682666118852,32.486961184176586,22.891836524361374,0.8659468427719201,36.40416810623579,123.04630292473702,9418.756323338335,75.4191567654972,37.370331173813135,43.02899665157578,96.1441604854973,39.36866856001436,348.33805468656493,1007.567336478146,965.2504640032496,430.572056949574,33.09290029857263,34.339030035251525,36.98250547487123,27.092682939159257,96.52847973330746,94.86551002634071,91.81020406930406,107.41795929757416,29.607085186628364,23.580742744073984,56.277635750038485,-3.3283732769822665,-5.094734872238982
2024-02-01 00:00:28,52.90004400268514,16.248152506150007,10.87531213304182,0.5445062149287441,64.87825730049462,117.85051091949455,15718.560493720202,41.40300608909232,26.284728602098188,48.7473410832714,79.1434589523939,14.335844409982036,881.3442529766842,579.7256794451729,427.7300166858457,232.8187737140057,26.46083215876505,25.18982934430942,34.11738430129984,32.28483481690466,95.13142649838407,79.60941599330079,106.9610233221484,94.35738220829388,98.82456064651844,73.03630596409126,-40.56049401901129,-4.5351539495274,-4.132564709831195
2024-02-01 00:00:29,57.78136096707552,45.04235148283777,7.172142515378678,0.8928989346245432,25.966670280126596,97.27236216337432,5854.271877694291,73.02318578700346,103.62190291208378,76.58604834426718,97.7229164929394,41.7082306949792,308.8378677465597,635.5833680495349,137.05356334535395,391.86721573286417,38.36810794315227,37.269731396638136,25.019853741763228,29.37904630313004,111.8058426011394,73.5034123183177,96.32913085601707,79.85055953363309,132.54547019720985,77.1097037041339,13.769979615569156,3.1957355199862274,-1.1448558347349105
2024-02-01 00:00:30,5.43426178093483,77.620195651594,15.744176941772754,0.51678731268583,58.58767894728851,125.31432084793248,7053.132387581028,32.018708975034045,66.27405218097866,31.75800686671775,48.88547968134224,30.429755362255776,121.10531376462524,609.2337136028996,454.5822383386442,658.8437012489707,34.03375730109989,30.417014296050795,37.04996234679503,37.54391149049843,79.30409555697315,91.30585747752544,121.80333675403624,127.68008267528715,109.772962362324,91.20934666711123,77.48183727197568,3.260695630281633,5.264274216327191
2024-02-01 00:00:31,79.5751754782931,45.02459155570672,10.931927874105094,0.3797944949317683,88.40620290581715,98.40816936381596,14030.4537816907,105.88063442482311,49.73274301205311,101.31650378854916,68.8568353246385,95.76426070476283,718.7630513389565,442.1268130837912,877.6726838593794,802.6962889074513,31.0554903048294,31.71130694198189,29.476659036285557,39.26706445624678,111.64752064177188,94.73048712893616,102.8977987902674,128.6980969718257,30.129673654136145,76.62767778613537,60.97446962985694,-5.1820792698793845,-0.8998365638488846
2024-02-01 00:00:32,36.383678941928025,23.980658517039323,27.769066913446373,0.3909500492814434,42.803124317056415,89.52525091622019,8987.102884747626,54.76948485616526,95.65632995901412,76.85824720800177,58.95233987411692,35.31203402556322,986.8953357403722,422.00884977419145,475.3429902259518,391.34729115487227,36.42048568531115,32.16208399994056,33.32285070688461,37.45138107416447,103.00213334898172,93.34143774756302,124.92524103595062,113.09363499879994,54.76271895306906,56.64547432774827,69.9304904015805,-5.796026847255713,-1.745875382711703
2024-02-01 00:00:33,28.99549329263082,56.342671332527935,27.877811794855127,0.5454073577716275,100.77821005478866,120.65073337992558,9345.905398066468,71.7703659081642,25.012359667240293,86.25211809981887,72.64586177557626,72.85479025350801,664.4487659431086,683.4203431942794,186.9970558395339,855.7926936907055,31.775909822167414,31.886750930098724,36.10255506734594,34.84194185158324,96.35461429343012,75.33051637042372,75.60327372035651,112.28868570335123,96.69493079127028,68.20911600743915,54.01574599296316,-4.996414147549341,-0.1141737094157457
2024-02-01 00:00:34,54.04254638508975,43.94600091813849,20.26669764925505,0.3843108930000367,47.79120520979645,113.76834609359123,7513.8156758111,33.38549078436316,62.12329959311144,102.48603624039404,103.82968069869062,59.87022467651199,901.6130902248984,860.8438515946652,698.1217312916938,244.55714732518848,37.83308901439654,36.03613628900104,28.126061155486177,39.76904362558028,104.0641648970212,118.4085859675782,76.44094749233201,103.34560871347588,146.72418425114708,88.6368893188817,15.079467162222628,-3.492297835295801,3.609371568326811
2024-02-01 00:00:35,75.95965584363442,23.9251982419692,30.90219313613627,0.3374961746542987,25.66153240587668,114.4526045654433,3708.141257092332,44.88194491997382,77.29821407274848,35.84136468283653,80.4747774825668,90.47229475495658,230.107161468799,546.9174361548837,121.01771371802111,56.164991184379744,34.84949237611039,33.679985515128706,34.26954687646166,37.21274897498298,97.85202724973936,120.55604704061392,103.4181112247896,98.98553538489404,64.01270081219731,50.9744091773053,14.836173387291652,2.6847997896176814,3.124363281343925
2024-02-01 00:00:36,91.0502646724871,5.062914690765778,9.35822594825725,0.9432882291859964,70.62987403898916,125.44755137497376,8992.511467040385,97.8770358020281,34.82441627057713,28.375886650328432,53.52389222976486,25.01935056459673,994.6506157973567,191.7072010600621,416.8703575477388,775.449386325269,35.982814453114266,33.52529439786107,33.66189647250218,38.341187116675954,70.06984595504912,88.62810738541516,70.54106757914704,71.76148522159865,179.3996885566276,47.98770718488301,20.42798791506283,5.337661972877196,-1.885269742625516
2024-02-01 00:00:37,45.78734803594554,49.583464545838055,27.56529303521558,0.3611927623554188,107.24718051197505,92.42277898138784,9410.361580528192,92.81621585846337,50.45695077095627,83.74569052196536,82.94687917887089,29.81785832041524,88.74331726887215,369.752591802148,949.8335579841076,400.910725923613,27.053927866150573,38.85992168254039,39.40299379484725,25.92359991262625,103.79331474082232,76.62676014741588,103.46559468224196,79.04171398879171,50.26597780100288,78.51360708212569,-48.3649679335077,5.657975336772847,-0.9030797806928296
2024-02-01 00:00:38,70.70564800069852,66.9036694529205,2.5059460600280445,0.4215070314674646,60.60001346923068,129.09882733038063,11131.98700286896,92.3329564952649,21.469352348028792,32.796931586405734,50.70215520541676,64.463986711242,577.6489084429652,517.9619443484212,944.1789946144296,1003.7732192076114,37.586152300592886,30.234916057638603,25.88651522146481,33.170682850778945,72.16434825885847,102.08705995282432,123.59809052539892,107.28609188182942,210.94607315426856,82.05276126660783,66.28037477153617,1.403408136020821,3.0269900685084625
2024-02-01 00:00:39,32.98214373921336,44.72153149058192,31.510057345788727,0.6706863672433239,39.20207027130745,97.50028869097228,10191.72976990464,102.33154046447903,108.54150406702313,18.96219956090673,100.4068222031342,19.94565254968177,833.1013522750198,445.01038102209895,346.18889058987395,742.8929762880917,30.59722891324721,32.40005604449384,39.37294450209392,38.20541376587767,73.02467653956136,98.105534616895,97.6171268375642,91.551561847129,26.81422962344076,88.65219192180604,3.2597545191284496,3.167083090298739,2.252647276245142
2024-02-01 00:00:40,81.12670058189644,26.332711944805315,18.216513994455305,0.9063561796067552,88.28315200242928,113.87414664889135,5817.864414460918,103.74941818702804,29.089815388375253,14.97692947065248,92.05940672539224,103.74942907775034,695.3466163011944,489.8060509132951,250.9395897094828,986.1077535632436,39.59363218678054,39.58088390076375,33.49961003618361,39.60725285852059,70.95588084406863,95.96875682130477,124.91790837257312,128.61440093299802,204.19560539280835,84.00232696398027,-12.720902757455391,-0.7918173438029363,0.358928994991281
2024-02-01 00:00:41,32.741964981130685,16.756685977570626,24.136565380914856,0.4134587039583828,83.86474181616255,110.81387437086089,6514.418233965831,73.2867091184013,89.74938965949731,91.65415452486376,61.39881573024378,18.05822577370292,509.3770169319847,437.5122351570313,942.0873961926816,209.64861588081325,35.42831198981689,29.33306467858933,35.60713440746824,38.39734609715905,84.89005052723817,120.4251198743586,128.78890462588424,123.84778632672766,214.9453072836713,56.41810391147541,-27.57108232207041,3.667774570522957,1.6642022065010167
2024-02-01 00:00:42,50.26778863380618,90.61293605940942,22.64239342394007,0.4386967789012681,75.84897951665201,107.26136986525437,9146.547645046145,105.3115227065896,107.3185985393435,73.88540540450894,72.56685074032771,59.4023385022627,198.3118467690097,1010.2679787848758,52.90655608325563,662.0219422725812,28.29153940452304,31.5573608656564,31.632518961385664,25.16411127875549,116.19129591528238,77.99717850598437,99.56266651358814,116.9585425393141,148.52560901884684,69.19027065174186,26.82681297559958,2.835468693109016,3.7161469898515023
2024-02-01 00:00:43,46.81543822231506,82.66237191021185,31.958460909966632,0.8325724469174337,109.0265882027848,92.47120823455217,7794.249922167439,86.92671095596293,93.13924451528318,57.03676233156846,57.48648766164916,51.481848311895405,962.8225544508472,812.9150801476932,730.3712040484579,810.5866029657087,35.51889109048781,27.43613640763268,30.792960739008663,39.99312725109991,78.38954235520315,72.18242317824397,123.99190366037502,123.03733396619933,150.67632377636463,6.691283382232578,-19.22984651069544,-0.0924871951402765,-0.1644579934592602
2024-02-01 00:00:44,47.86935739210966,14.276692760711065,27.484955040699013,0.7725527185533287,58.59916249923155,96.23020663970212,8513.737702088934,86.78772428779828,63.87838107522431,31.35656424454965,22.934523048143088,105.00375194498176,354.03551461358427,765.1709930573753,491.3331548599211,258.09882616957395,30.73593793957155,33.07851467938577,32.41457747128667,39.41143842471523,88.33225600502712,95.80692041631876,114.05168887700904,122.62014989591492,119.7891768522455,22.455432074103225,-33.854604589324566,0.6842038931104408,-5.441380293729485
2024-02-01 00:00:45,33.80097634542599,43.13905476697948,11.533201347228418,0.3341213403504713,77.20912801586648,107.60604475593344,5315.938209597261,73.37075806214303,108.29994279706258,15.888527140121411,101.10528374815962,37.85410496935498,698.566866294912,165.24511815533066,842.0215676908033,704.3883320974847,38.58156720128225,31.67402719886498,37.58466862530787,37.30314603278529,104.68595520234771,86.80284888886486,129.92345194756103,82.20504082106274,145.57240357401497,82.45412761051153,88.67981500441033,1.7880637947997098,-4.710999677306075
2024-02-01 00:00:46,18.06433980235235,86.07839623145924,29.23516756991183,0.6842094666144373,81.1806356412718,83.09728311727241,15297.500091203365,59.43607676077772,104.41984598325944,32.06271801888363,25.993417971348368,100.29831539709892,107.4502033023877,537.7557877725188,687.3938342286896,738.621414102084,37.76051872051528,35.25605128291852,25.29229784469197,27.51052494536295,108.14630980369084,100.92294109519368,80.51898232451055,103.5044441215074,172.58106008626325,57.76206087439343,53.35090583206667,-2.304837960269295,-0.319056272470597
2024-02-01 00:00:47,97.28880750732316,93.6159855730697,17.727381496721197,0.3809360172612173,37.58417381812939,119.28586836207252,12395.346865182408,76.53871337102811,57.7453675287362,103.28696537407724,46.56747662533636,76.68546725418886,190.73054105927983,218.76743531254647,403.34589984741615,445.3924469894239,39.34919070170518,34.89976719168212,35.61207796132607,34.714729392580914,73.60510251975197,85.28955100210949,80.8523896885215,120.54366846531984,130.03258017046517,75.08960772217308,87.63167947158473,-3.043215837778192,-5.953123583805002
2024-02-01 00:00:48,67.33022307989637,16.48755142713067,14.60009717617695,0.7523881991622734,69.8809922310507,101.51763032709208,14506.243067025694,107.05436961761876,74.56045153651753,78.6526298605894,65.74918702758916,36.61851004508924,69.25023867473163,210.3312147102277,477.8476517663408,561.4727362174635,38.43106411442979,29.56207369654004,34.81012784844277,37.8817509891778,117.0772597606925,117.2001789789105,113.63049322239014,115.79002648652738,28.92198991469097,17.393924387183567,87.09814752727024,-3.4803080000439444,-1.6380377721523462
2024-02-01 00:00:49,26.74128650051439,97.55170522915525,25.35462750731505,0.8434197302145593,86.93227122604246,83.36878452089017,2155.7380850992454,36.909958266647,13.908511173935182,76.43835466597208,14.533648441771888,45.256087501784485,729.7010171998254,414.3426146504764,384.6604758277351,196.02778642599532,37.05116024965206,28.069656863682468,27.4403627546236,38.54602036995728,105.14462880366057,80.77924359618105,83.14361683324852,87.85920117124942,163.22394440432564,22.189504071105112,-71.49855607138761,5.619778831904151,-2.691094393645297
2024-02-01 00:00:50,50.837290334560656,41.20841864408968,24.186230734350357,0.6029237636917083,40.74240911779106,99.94781508776926,3416.3241134351674,97.8411694694276,89.16106638192765,92.29647587309262,101.58834282192366,66.63091795763867,131.550134645745,157.3058590945204,828.6310470532975,892.405782103604,25.55661255602965,30.173102410233916,36.34622918148455,28.95463773968229,111.41973346100288,98.59394846957208,77.90086752611276,102.88510261849306,90.73632447836818,50.93326891819161,7.354529564744297,-5.768264503127146,-3.0588551531040333
2024-02-01 00:00:51,86.94425439347079,57.894951575404114,26.244355428370294,0.9060167687979768,87.0254453982202,106.15208549685218,7107.069118570209,51.73521952671105,29.16754513298408,80.37371143433747,81.29366884927842,76.3603066280607,476.6075503338812,494.0599488821466,999.4442597699336,80.62067569563919,32.140009541312025,25.493554700849856,36.270647677479445,34.35073225152804,125.1525562671692,71.38452524220438,102.22716058493825,111.90591724349352,95.62608538033612,41.327751819699934,82.68138801506302,0.500206585760445,-0.7338886651643666
2024-02-01 00:00:52,11.229596978503432,55.97749801602178,30.338952667284676,0.585559241486966,29.92904826030142,108.66297007164935,12192.639453548612,66.86244497669482,25.022332510606084,79.9269647372976,93.98880414160598,85.31943431478959,357.76680522694346,183.1001322806835,840.9631099886516,936.4152787415412,39.00053160378481,36.665474468563055,35.63663458305811,33.80559939882831,91.46970958560964,121.53965708858314,81.37890694684336,78.923870015122,50.61282733620831,62.02040576863013,-60.293564734542514,4.777921485680299,-5.719937681693374
2024-02-01 00:00:53,86.64996973805567,76.28168918847629,7.219313006768695,0.2311390350772075,106.4212672557232,116.74095112356063,9711.347712352228,68.88902878106651,79.16689555145277,57.00535758757454,109.52131269762204,11.618417130506444,384.2417143429101,453.4016363359543,446.1351131688566,133.43381832901176,36.87329060755712,37.27382271749693,32.15936781540396,26.922828536526747,126.75759882681275,114.70439275325228,84.14758603027958,104.78184997816967,66.34274642016132,17.552012005252653,87.83493896218872,-4.880848091571243,-0.9929801403284896
2024-02-01 00:00:54,71.9427411455978,55.0845169239784,9.203513273533552,0.1760709912591949,79.80962879958946,119.1439832102628,13815.057296156909,47.0063149718733,88.93085818962248,71.09901529924238,46.32247352086024,34.40309522077353,427.2867389158715,152.49103693353277,371.7379923338942,935.2177598348788,32.69742673835121,36.5211149630519,37.51557658447189,39.6839976230031,78.2021570614843,103.80151651113428,107.50746679882349,89.35289202159228,138.7148909480726,64.79947495200547,63.464627629584925,2.608842583812832,3.117513595940247
2024-02-01 00:00:55,95.52987119677638,47.73408335125058,29.34813404147829,0.8848749333289445,31.687409760131224,110.1224980032319,7000.716920574099,98.36341732682467,57.68534943183549,72.8894804882953,52.49191655774373,45.58098154737579,779.5980192118246,286.2944878610068,898.2717126217074,474.6215054355114,37.95479280969965,35.42730932343523,31.81397774828399,39.18420789794845,76.8983618048399,76.60807623290704,97.31891753134082,124.31645211030022,23.671947305830173,97.90508334007652,61.15594359380452,4.724083587642481,3.856278551534389
2024-02-01 00:00:56,80.19351126518474,21.474703319636127,19.81261578957965,0.8638450794986354,78.28617274239895,95.56839482940848,2778.336325984993,86.98332150246841,82.19086893480159,97.05289336362284,15.609222300337525,50.30207418460227,506.3633292528423,775.9591114003451,756.9356070864739,600.0628923422609,30.834714361627785,31.272042590805555,39.24184555819713,28.39185987025699,102.18593444491412,75.28127458885874,91.552908467043,80.90103600004765,152.0875163596713,7.933433391620855,-40.553980492535686,-5.389031382738575,-0.2449349377631513
2024-02-01 00:00:57,21.02796211865729,78.73707445296698,31.84478555587383,0.9360432738917112,101.2970228758816,127.1283863782644,10813.724671343893,75.70456814823328,17.502190088286188,17.305266844986747,71.12225295926633,92.72148169880974,884.3649897547867,387.0673868629149,875.9380201284018,854.1842073468102,31.090086999083525,34.93233012771055,37.582050842082936,32.45533849944957,97.13596777600245,75.54223722461904,115.8057334141422,72.71484416361697,14.551207054690472,23.34279961377968,-44.23473608812617,0.8377512022517912,3.2520593217399103
2024-02-01 00:00:58,94.27090955935483,23.97419023801812,15.148357492815082,0.4715156670268362,49.88348304474891,85.16389758046859,4795.2458405169045,38.72138564477565,12.810173288942163,52.25903603195014,42.05689177686206,24.518178975475927,213.5672809448868,907.3821270633445,530.4804926728594,926.0991529217274,38.45373542619946,29.14220980130457,34.98722862613924,35.15954882804763,84.33381094902224,118.92170172335172,111.55096802055036,90.29321272067948,161.44294368456772,20.863292438599338,-43.15288934998664,4.499800999746372,4.011059490166607
2024-02-01 00:00:59,63.946791143662665,61.16574668489132,24.06368980350472,0.5579713305034827,50.4635141388915,112.53323293275288,14774.405583648777,38.03526918177874,66.52832683735467,53.49958075756904,87.3229977534215,99.76507218979908,332.879830350049,447.6526216945588,421.2084474262408,894.317896522302,34.74413374874308,38.06033396052258,32.80456225525515,32.54379337428429,83.74068293588005,85.7276522827261,87.54256100938534,93.0453745877414,151.39339289273687,82.46624573483537,-43.79253235609081,1.25481290434685,-3.3568402833672986
2024-02-01 00:01:00,92.17228722252618,71.17491641523064,23.908978113163407,0.3585016120672222,77.08930788313988,99.6735330699016,6237.017652855922,38.17088606834333,22.27331906825765,53.18915884715396,103.99378295819145,70.87786369676954,314.98120895434874,200.57312667600752,544.1298747739562,263.8072397241162,32.66124826977499,34.722693860615664,32.90616682105031,30.361021800588347,102.37880316058629,107.75621405283266,119.7170312535732,83.67723495991814,21.804459929794703,87.32267655196463,-34.973752739982224,-0.5254032151319441,-3.1020992642585377
2024-02-01 00:01:01,79.88856037812737,50.08818153709457,10.697337058155158,0.2762449903373672,75.23339158928954,121.21834703030336,12209.14982489432,66.42051846912852,69.6262913487347,51.941644393396885,24.6799669355186,53.40629226766107,252.3746848718656,63.46185675025535,370.73660854223664,823.7956713585568,37.382505333134006,27.51874732940412,29.543610947498813,31.927209424368137,89.16985122641778,128.64908301446383,107.45565825998392,101.81542225094086,164.0715958253472,44.49787133105798,-41.01151282769851,-3.996516050190925,0.9163102369723184
2024-02-01 00:01:02,44.56114796688887,42.897330607386046,24.57608974786455,0.7727826073393118,36.82556285765246,117.62451801321964,12833.272323048714,55.460960335528185,34.87123899853051,42.78973498055343,28.237738678673733,63.16525520225886,500.2147816089512,555.3778769539342,657.9900914817324,680.9134897275583,34.6355375721588,32.18646892019015,28.867581000746323,38.41453192668239,126.81496684077828,92.58510698762905,126.68610926403636,111.34466026269914,45.73031053887336,15.615981446034157,-14.05111686744958,2.817098114716446,-3.1126803183868823
2024-02-01 00:01:03,46.29342893305379,47.67597226114391,20.46328542890777,0.5899189112357834,75.9836217357635,119.1091638437486,2887.1243455510903,52.06835075481885,30.430794384935403,65.14006122995309,72.1502848573844,80.37410436079195,294.2305383140629,78.82251912387379,865.5888724521459,96.68197175183596,38.01596449262238,31.241216339594324,26.750950491103207,25.8252325121519,107.94541113074828,114.47034889797698,115.57495934426046,89.23351371199067,127.2566407704821,69.48549925766721,-22.150046899973404,0.5499423622468331,4.310772717754055
2024-02-01 00:01:04,88.0136187521456,12.388129671929422,20.099981345470287,0.3742774918815604,30.65510819563795,129.80413085724558,5519.718474794061,61.76516010558458,109.12791485562671,23.455919744782683,78.6949071740711,59.38057321294475,865.4919842643627,1046.7536133654266,109.5913682578012,960.8788386051028,25.50700268524817,38.47164061882677,34.54717108198994,32.55160778175421,117.53403591071506,106.19934610982202,94.94021126371604,79.11059725539137,138.53855998982598,47.36094201525962,-44.5264899668238,0.4935386087341173,-4.6564909811628095
2024-02-01 00:01:05,81.73748930588526,8.925120227035471,23.40185506832308,0.4706629367475835,95.55362719144829,85.37646903895613,8417.628120569389,79.13336973134369,103.7377343120314,79.99386813249515,63.99010152284348,34.50429962271781,683.0337066304655,74.61543474166284,449.59967471936153,137.88961506081648,38.180063058362514,30.06471790192405,25.438243803944243,36.25602342639343,92.42573476208136,88.0712739976448,100.28794540708144,107.88461946687988,38.29513204554045,5.651136247831764,-76.91768985560455,-4.199316726889203,1.0255649454800642
2024-02-01 00:01:06,65.52911301381089,39.46432021026886,11.534894502955066,0.8123904747786387,90.69926057684772,123.25015556576092,7719.258147983636,101.29046981420652,77.72568319460716,60.189488629235534,32.64338470902856,66.65713087793029,263.4265678220876,692.902895661281,696.5000267674593,400.0310547358088,32.83411670049412,39.64988874328009,35.266491068044225,34.30424918605119,114.74497553207,93.02257280162166,91.2933269847438,123.5205726494001,57.12203042270743,26.38934432190228,5.277867079995716,0.2885329172239501,-2.803507341696194
2024-02-01 00:01:07,91.15961123238976,82.4598642507183,31.7476883847871,0.4615099297080571,87.7719672889188,87.0656644256993,8560.011675801597,93.33824248612332,17.250220920023143,68.48346715990489,105.75657680027344,16.93732918317542,751.8746315844003,580.6529259854811,107.80364180330588,955.9031078324734,30.63975824949252,30.650603308657924,30.26306968882155,31.54274498231817,127.5899703406196,111.31673106715772,124.66302416113588,85.04988426969575,60.89171419831416,33.44129826054032,29.79119222686201,3.870481294068483,-1.8247838566385948
2024-02-01 00:01:08,19.644179488658413,20.554912468056955,7.607575441913702,0.8639837648426902,106.06336916367935,100.24734448789437,3419.069558087049,30.984496551794265,101.97984934060884,109.72592984038783,19.270975735451447,34.83150260578655,899.0932904177873,587.9789043699028,918.4532396665128,471.9709261375541,38.687055762151466,35.8657354387726,30.31483565189196,30.557596151829717,126.09038006561002,118.91963001360004,81.5798656246886,85.58206702877379,160.36121191077186,79.58425288810449,14.17542012288699,1.2727517238448636,3.396887939309733
2024-02-01 00:01:09,45.62102022634556,12.971264734717447,27.386733041461174,0.6648200669267521,27.913927540515903,128.67601614195922,10452.78223802063,43.53752517124705,108.94779450909864,89.8116256312268,59.84389877687113,39.08130799248154,191.8747096093914,297.501828605638,450.43596597278497,620.8319474581642,31.849969227161164,28.97011053152669,38.95287718806409,31.457715510457135,120.0428373944006,83.36884331991538,112.8234421008592,113.85580158583905,21.42280892060907,84.76880740046326,56.41242631842218,0.4717809224191001,5.649247519298987
2024-02-01 00:01:10,75.1954076843981,45.40666436565862,10.996876418026108,0.800390227777758,80.88863340489706,124.83290305862354,6336.809205275698,41.17082461433591,11.133051192708855,104.54816962491206,19.987500714154415,49.05164462260341,549.5558915202241,732.0040209102527,477.2004642764091,121.55082591307836,34.73071598378359,31.592943047080013,36.719914213037306,38.97079413995864,85.93016083876081,74.83810982549745,75.92545113209165,102.10187767025364,19.91379957112028,69.91600445899662,10.626648200470411,5.090611811490222,4.029366516044673
2024-02-01 00:01:11,87.69304738320734,88.45657844235055,21.639984896360616,0.5189889417279502,90.95339792201932,115.09358291383548,9852.891176235182,60.35148434967448,60.21524325239574,20.100919332677847,48.70454816200834,44.31746551374758,670.1067310333015,705.4947734205159,910.4874006239144,809.3940023325453,29.42429777785025,28.203839759178543,33.61343049483702,37.02809332883388,115.2158099367247,76.60576339780803,89.59777224561735,105.71288807482792,144.0825434094462,67.4748322219586,-63.31745952592392,-2.8435840295147177,0.4455138890307983
2024-02-01 00:01:12,98.86602241721648,96.9806337515843,31.938740059243425,0.5997027659469374,39.3516996898923,116.1756793026557,9006.795682765474,89.10404168929509,23.261994284400124,96.63141696483758,32.0506288464849,55.46378293653828,667.9599095467223,324.51776138131834,949.1198842353248,933.9347538543416,39.39195378634713,30.085249844146745,31.41185912185922,25.20722747390685,118.16224763422348,116.7334065341654,104.41377700291947,125.54272444296453,144.02783860185318,66.15946481307213,-8.251329730974817,3.5725733648807605,-2.2467690452242737
2024-02-01 00:01:13,63.831166254891706,14.415431889571556,17.65323509078474,0.882141047919418,102.78460427291937,100.93655189960228,4172.643318154259,54.42923249684348,27.08997065425545,16.888777987706263,51.7917493230142,44.6233388620131,105.13586152648564,620.4561838812874,157.35214676121996,824.6321183016285,26.930913774269147,27.714339705557062,35.307925738471255,29.861731496607742,102.02605768377596,78.47537366133317,86.93121207616085,86.75031845324536,198.6701540053853,60.89783032278402,-11.210046277712223,-3.909455386630021,-1.1139395492831463
2024-02-01 00:01:14,87.49540782714367,81.39552400886724,27.129377697451897,0.2019477505963561,52.05048655053975,122.7580627709969,14016.445500669524,49.58682609582059,72.56411955815318,17.05597741838806,15.688346525955456,22.14278105977755,800.5002270096413,525.923452021732,181.66181143525336,738.3340558734611,35.10063507291818,39.74202565985102,29.50443856084005,26.146522692801124,108.8572813335411,89.14261293239184,106.32289289027258,89.38633859830759,176.0524131365389,39.21520228784362,52.46827021736863,-1.5069776986756622,-3.557573751461584
2024-02-01 00:01:15,92.19389814949676,75.70301372317711,25.423308096128203,0.8999415918743918,62.756325827070405,122.605935480685,6885.104129333168,83.7507562483973,75.12959285605507,95.74485620365,101.15038004272908,14.697129166947269,289.8433766409568,227.76158463993573,481.6566453176647,470.23360313220456,39.91993488301101,27.66545985220096,26.7514467258516,28.929657256145823,102.56460749105334,85.25483348933525,105.56519828802456,129.27234510509314,211.9272889684744,83.10938658954964,-8.444472832209712,-2.1676224977536864,-5.983526334388801
2024-02-01 00:01:16,36.691644182301246,5.849428146378679,6.855755605889921,0.3104048588286309,102.74558866298182,90.52316695044024,8565.218092178391,96.1190892253222,87.50158077851363,80.41940564799252,61.56654087745795,33.54496580880581,630.1224598214011,365.51401897558185,867.0070782875247,332.1668283639762,37.63392072975587,35.577665081354034,30.60482972976683,25.417103262294937,120.22941210296916,124.08372621095666,102.11763211745084,119.28303251592708,74.23429851107781,87.73012922107638,-27.81417646156756,5.211642683580644,-0.1510867902727675
2024-02-01 00:01:17,76.75206490047724,42.58309529005382,18.12264335365908,0.4831012342182826,100.23253122997068,99.1613005690658,14828.549631745358,63.82253547568226,72.02209382078297,46.46442574943365,45.23202191051698,69.15480702758566,180.0977130739587,868.0363653002961,307.4641035856934,501.36019077801626,30.238357353150207,25.2044208251421,39.81898507718592,32.39981678722961,96.52331784916112,94.8402253331511,116.57615462032332,74.26668609378761,42.36005578542439,79.03796282132771,46.46934282004577,0.645506595689648,-4.302871082447615
2024-02-01 00:01:18,37.08968336043741,26.281469562548565,5.109092716753817,0.2046192523637924,44.196130149611975,86.91143990636283,14498.51183005753,103.64719602401506,31.012575836475943,96.70605985579712,35.23139120814065,76.04629832581446,697.1604941465123,100.79274480167084,395.7209644992434,678.7970291584801,31.027324505118283,28.778564610543818,27.841053893255044,33.72459229359319,112.47190661173228,92.17951496334402,81.58368053791618,129.51203521149245,96.4058481262411,13.28140206918858,44.84694702017293,-1.2992006291988725,0.5671041870477813
2024-02-01 00:01:19,65.63390222910388,28.69540279795889,9.937029766261652,0.3827580373306667,86.24373022950255,97.284640801657,6305.217854227879,38.67257943802496,89.45041768612663,72.91729672575335,95.43124421094474,107.69387275822126,996.3395811173328,286.7256740339965,144.98319514808804,302.2161949820392,26.276294798363697,30.753451612127023,26.42443095319731,26.83746793032953,83.09105887377434,127.78711629918983,77.4537364439299,103.36862132761216,214.81324179613216,74.56393305427716,14.68621181214013,5.499405956744383,-4.452415434653859
2024-02-01 00:01:20,95.23020055856216,63.06859681490544,20.37317023581372,0.475098700609899,27.57253235504213,124.49257743598898,6500.048807069489,67.56686905450124,41.50480813107897,82.80452959705408,98.49387631898496,13.281612147887092,983.3928080614636,371.4821269594556,433.1402727452321,978.0940751486417,34.24062992998269,26.07640885967377,36.92545145566847,37.0940977059828,89.04221956459261,108.96145439633808,119.15012832877554,82.44381058343295,18.690503868655703,67.59368230492646,11.832936008593734,-1.4906335319994328,-0.0264970278050382
2024-02-01 00:01:21,93.18375056222663,54.03940064476543,6.8406744636476455,0.5804240623517883,87.13141222605853,120.34034875982763,15964.694816573685,107.52046369066068,24.56140507000333,91.1096273820039,70.57963330475013,26.466876970724694,622.6207583357842,709.0542825359189,663.8727986167717,1020.8789925497814,36.25500848798967,35.04827747050556,37.83120783608048,26.814678791237952,84.17508735508622,93.43010750251143,85.71729732896928,81.6552091379655,29.923694312068616,64.75917287958237,-84.51669211230742,-5.658813476352584,-1.830771401832532
2024-02-01 00:01:22,62.02105969524873,67.040257957112,31.566035049311267,0.3892516237470955,82.64674346693937,110.15463753873011,13285.782379682852,39.8780098416,55.635685327772144,34.57463302717944,53.60257134911652,77.18031797261898,431.46799289674857,243.9246588741512,643.8448273827009,461.8214635103552,37.7619495490342,28.546154976952728,33.26153300425091,31.69705033338569,125.24808398833802,90.80543047978564,129.7601833482087,95.19382057196005,170.40723352365694,60.202095643963965,-58.52503719780911,-2.2015116598176414,-2.3370197593327617
2024-02-01 00:01:23,94.5372656996085,96.13709371318868,16.87019180527941,0.3796714294880413,84.727634788721,89.37057460433618,13148.145884690412,39.07831230539592,83.93339722626393,17.852039592160054,81.2239064731295,61.69977890821767,653.0107712750213,707.5405170568782,104.31250252647092,223.47824575543012,37.54183523160699,39.974889769571405,27.006415697566315,34.74400541280283,116.66242733982828,77.37645867941318,115.64769007118342,75.92926225139576,157.57788109050114,42.5103899616198,66.15181825384866,-2.290053489176521,-3.221788436168779
2024-02-01 00:01:24,52.8836943050573,39.26306509598244,14.175653615963048,0.6247600751098449,46.35347564088768,100.34182644005344,15126.099135270792,74.72818102221012,58.32356220594613,89.01469658301829,56.94637188775431,33.06135061623999,800.4174261096509,776.6378673892916,134.81492232023658,567.9568624217642,31.86415809075221,28.200117387572888,29.279016487761368,35.27182840171971,88.22366586802512,77.6179711767299,102.25195180738126,112.23625603080777,33.937844009863085,17.280921402179864,78.64225482577945,5.93151554329476,-0.1106508781959574
2024-02-01 00:01:25,31.86345624061975,63.3166140093601,24.817411931139148,0.3448447567799468,64.17516206341853,115.9670286088732,14086.64405973593,99.65198996042125,34.47700011118208,99.47038184274894,11.146372344531688,98.7952151095355,901.2137789269036,1010.513592151171,1005.041285509355,112.71821881397898,38.656783762996255,39.551455721515474,38.73059151894073,31.163049456098094,76.5576761071286,76.79356137796835,119.95570821595692,84.23041638771355,218.14475628989717,91.44602539321532,63.49995330305964,-5.228215681266784,-0.3941337801773192
2024-02-01 00:01:26,93.7775012956252,96.46336265343888,2.614722450517543,0.5795709167297775,63.86686680530677,106.23850887345066,5027.668508588355,65.59215731419576,61.55549613813499,14.86604204328378,85.70926454841901,48.93203504132683,453.1967808864827,959.4998447508884,902.4284405248663,479.5491863406088,29.721125795365555,33.326707892765164,26.000967256020346,36.62007298784668,106.1041641491239,79.81577011721333,106.6247429498092,128.9613270583336,73.31945147097937,8.298505743058012,-14.464628155468915,-3.999030130667107,0.400142891842723
2024-02-01 00:01:27,20.55335419139822,31.76785826670147,18.87869030708546,0.7384228294293047,71.34441054006514,128.1493255020032,12923.824980795414,90.50382164227292,47.147017837077776,22.264383219098782,21.38565839806519,49.93294860308234,862.8095288275091,237.1964345084911,366.1011975853194,556.1723671576674,37.07285111817932,38.93046497873074,30.37303397299613,29.992359104500466,92.32073797458838,126.14202707230368,81.32664087600944,108.94610049944367,71.85579120552775,89.10424266062745,89.22113761086788,-3.7875887715308902,-0.1704339782724302
2024-02-01 00:01:28,80.49769221101343,72.23302214221827,26.505841685220982,0.4368796464439599,100.01198846676355,100.31782874992903,10848.247899271664,35.11826227208339,23.84266633118025,38.97232819038565,77.19829900362318,92.77717404926425,590.8163752776778,154.89944761885374,1033.4790452007433,651.457109387813,26.30272306272899,25.75218336750707,34.24830513484103,39.9485475404182,70.30448018419919,85.31748324905365,75.06618819922242,104.22391449528509,211.97365704952375,52.37537589053575,53.49082284511226,4.301552155867945,-2.6697230834247194
2024-02-01 00:01:29,67.06267700953654,76.49117339392843,13.184800612766557,0.7589251781638675,107.23810459885377,81.98338632715807,15297.311000728176,53.93445505641662,89.64376613514797,98.41334118705028,59.858041707283554,93.14568338538685,747.590103030025,340.69905254894746,119.75764408783792,289.1667991004789,39.55889877821876,38.38475653700417,28.874772856905327,28.920102698339125,121.98098405711384,71.60459011279076,117.77051210021536,91.93872160821223,69.64041394892932,58.49264521533926,42.93908173485988,-4.360693427580598,-1.738947064832688
2024-02-01 00:01:30,91.600947159355,39.685520874675056,17.64815503060908,0.6495467618985244,72.3504070805497,90.21821848334964,13039.5432663007,90.4309549907586,59.94151413279019,74.56578688814601,69.11006039836529,55.17232549223947,551.7815472479876,966.433830408438,164.3571361142882,764.5380780800738,30.31368205661071,34.71995547564564,33.514248573364924,35.6390601442713,121.24731161400037,96.85850128442172,84.35881126377797,72.67074636298564,192.0179958498508,93.44594675428569,50.71602155259873,-5.402912906619773,-4.869988084273508
2024-02-01 00:01:31,47.22190196445401,55.68650907610449,28.00405057645508,0.8063035995204402,71.20587574525648,107.76113900900292,10824.723369784326,64.70528946492848,73.43385651938203,100.65706034548452,36.190543278158216,19.28472148590745,663.13679506179,491.8300427121426,275.715729888962,329.9267987876269,28.02302631841439,39.32145470618632,28.2434831879103,30.9475314754684,126.4457552727261,101.1912267101325,107.19695882439946,79.8851443929223,33.524391747619944,31.14370077846206,14.383635782108442,-3.9340625249489767,-5.052981505561625
2024-02-01 00:01:32,58.40915921273495,27.61254857909652,15.474942961412724,0.1475538597570964,96.88941572855148,112.11237783957796,4970.138254613354,80.11365343450493,100.31475168155364,47.73249166514591,34.54719389896195,17.120725964840837,77.41917990017073,507.0238455225328,720.1429280123413,189.84875645558705,33.53904560690134,33.388398868856555,31.283788757247983,25.526432684979586,117.51425386660368,128.8691910440799,110.42296733183164,94.69415029815676,46.06939477451036,67.4377236963895,52.93363433754905,-0.6213737477094874,4.765747849747017
2024-02-01 00:01:33,78.83038269652374,6.273957778907484,10.0281949081712,0.9797010000709466,67.05976919805381,120.58236666721086,15296.270020097338,72.97445512846456,27.506626041692694,23.095435341479917,43.69467773047239,20.57674608362857,735.8023175929914,670.1593824287637,836.0648802188296,914.5405590660416,27.338414356630977,35.390873917165365,30.92679327640158,30.759029175521448,125.26485773627851,78.54792504483834,97.43341194772816,95.59083015091976,108.34269453622714,38.208931463195945,36.05215760516262,-5.235062116389129,5.135751379618707
2024-02-01 00:01:34,98.00671820349032,26.21559154643182,11.70381421476478,0.2117577459362811,60.86666735310155,128.16419963983574,13775.74173965584,43.75778786961164,35.35225475012448,69.55520665843132,42.10249323703821,13.946959861687136,788.1766190848414,830.5783088185419,555.5736060483027,427.3654865130789,37.85883778976002,39.96206632338703,28.766584847276672,31.16801280603548,82.31825369571281,101.01886907419124,104.71569106683847,123.60506185982986,217.83912141878176,81.41290526780013,37.70164537316835,-5.29058912975248,-5.451741373447833
2024-02-01 00:01:35,34.75913407453915,36.36260467776221,20.082025733131506,0.3636827722484286,73.90002458035679,107.2271837893936,12695.510914138224,85.93408306290175,103.4656474877986,16.046180932868506,14.06703497953612,66.36018947811645,579.2144469247091,910.0383273828444,930.6332088784876,178.49657061599052,33.96637607524712,34.52445491345819,33.08527748132733,25.989459460932554,90.97671551373271,102.0240590447972,97.01112216172484,94.46894295601558,25.23736442861572,42.319704158702834,-31.80392683991831,-1.9921679761465416,3.2227169930315966
2024-02-01 00:01:36,49.02765934637744,91.68592052589862,13.240047745020568,0.7749870989371643,90.60581669150808,118.0442014086741,8449.94292243559,49.132201038136685,45.14946233011984,50.142099960675694,88.25135912118452,83.68187180731077,700.182132594938,132.65976323513013,482.8682334212722,759.1651564709891,34.711328131129015,32.80221112057063,33.80373203504295,34.50886497817797,90.02598310824159,119.75258649548874,124.16635723937355,114.20843269511428,67.22853243306326,22.75306708242344,65.16134491164263,-2.050229611198651,-2.8033426067269662
2024-02-01 00:01:37,5.331713994092027,75.51773313523917,5.550182711386714,0.3497834846868842,40.02696423745932,93.2690534475016,6758.469343217515,70.8701002861421,68.62020766889586,88.06343104862616,24.963539033208907,29.289580902130265,87.39293099050022,796.5052791301218,558.0004966673278,348.1131368036937,29.879858516574465,26.39820883993429,26.49480137632527,25.172241737424603,80.24707719545172,99.90206282352896,107.56273991048798,126.97861871549878,29.55689773558977,48.47079101015176,-5.649060517568913,-5.3548793968965365,-2.3502632767765954
2024-02-01 00:01:38,97.44401365638474,47.18342850601893,27.32109361750031,0.966254093934823,99.93265479701958,104.57516367014122,6009.036784974679,103.84332430967484,62.64707200679394,55.95186396384607,109.46892256552306,22.556007273043267,329.11869630705377,111.90488013004212,164.97442950631108,154.28017663684042,33.578464812213085,39.48133859648365,28.882658856047275,34.69692851619349,125.5577700638467,105.04707815884578,115.13546132032133,101.70979150625548,15.697870622329964,89.42494696380736,50.64057746550921,-5.568860608077647,4.232727412681147
2024-02-01 00:01:39,87.4062957610287,66.26375823652478,1.603907248337156,0.1720711859954448,90.58809040721243,126.1456542954051,2475.405878663216,90.04435412217688,98.1864526449653,63.220412938573325,69.1543876439458,49.274345541744026,199.36722268896463,507.76118819804856,439.2316725387272,986.628821553871,35.96128618220956,37.61203665707613,36.04517652522978,29.169184289038903,70.93345568511924,81.40655282558228,114.3488564203875,84.56376243977076,11.603920847291125,20.07355312019847,30.74055353232015,5.476395425158678,-0.0003660358574961
